Rank,Name,Symbol,Price (USD),24h % Change,Market Cap (USD)
1,Bitcoin,BTC,"$103,040.65",3.54%,$2.05T
2,Ethereum,ETH,"$2,295.63",5.04%,$277.39B
3,Tether,USDT,$1.00,0.04%,$156.07B
4,XRP,XRP,$2.04,3.82%,$120.71B
5,BNB,BNB,$629.76,3.37%,$88.72B
6,Solana,SOL,$138.74,6.41%,$73.7B
7,USDC,USDC,$1.00,0.03%,$61.54B
8,TRON,TRX,$0.2726,3.21%,$25.85B
9,Dogecoin,DOGE,$0.1570,5.21%,$23.52B
10,Cardano,ADA,$0.5515,3.69%,$19.5B
11,Hyperliquid,HYPE,$37.27,10.16%,$12.45B
12,Bitcoin Cash,BCH,$453.51,0.69%,$9.02B
13,Sui,SUI,$2.58,8.02%,$8.77B
14,UNUS SED LEO,LEO,$9.07,1.09%,$8.37B
15,Chainlink,LINK,$12.06,5.73%,$8.18B
16,Stellar,XLM,$0.2347,5.01%,$7.33B
17,Avalanche,AVAX,$17.19,6.77%,$7.26B
18,Toncoin,TON,$2.83,4.77%,$7B
19,Shiba Inu,SHIB,$0.00001116,7.56%,$6.58B
20,Litecoin,LTC,$82.48,4.62%,$6.27B
21,Hedera,HBAR,$0.1410,8.49%,$5.96B
22,Ethena USDe,USDe,$1.00,0.03%,$5.6B
23,Monero,XMR,$300.34,0.98%,$5.54B
24,Dai,DAI,$1.00,0.05%,$5.37B
25,Polkadot,DOT,$3.27,3.10%,$5.21B
26,Bitget Token,BGB,$4.05,1.80%,$4.74B
27,Uniswap,UNI,$6.40,4.55%,$4.03B
28,Pepe,PEPE,$0.059294,7.15%,$3.91B
29,Pi,PI,$0.5152,6.82%,$3.86B
30,Aave,AAVE,$237.35,8.03%,$3.6B
31,OKB,OKB,$50.93,3.23%,$3.06B
32,Bittensor,TAO,$321.16,7.11%,$2.85B
33,Aptos,APT,$4.08,6.02%,$2.63B
34,Internet Computer,ICP,$4.71,5.33%,$2.52B
35,Cronos,CRO,$0.08090,1.70%,$2.52B
36,NEAR Protocol,NEAR,$1.99,7.92%,$2.45B
37,Ethereum Classic,ETC,$15.80,5.75%,$2.41B
38,World Liberty Financial USD,USD1,$1.00,0.02%,$2.21B
39,Ondo,ONDO,$0.6920,7.28%,$2.19B
40,GateToken,GT,$16.42,5.35%,$2.02B
41,Mantle,MNT,$0.5904,1.53%,$1.99B
42,POL (prev. MATIC),POL,$0.1744,3.39%,$1.82B
43,Kaspa,KAS,$0.06848,11.25%,$1.8B
44,OFFICIAL TRUMP,TRUMP,$8.88,4.16%,$1.78B
45,VeChain,VET,$0.02007,6.62%,$1.73B
46,Sky,SKY,$0.07913,12.14%,$1.69B
47,Cosmos,ATOM,$3.91,6.38%,$1.53B
48,Render,RENDER,$2.90,7.57%,$1.5B
49,Ethena,ENA,$0.2470,7.42%,$1.5B
50,First Digital USD,FDUSD,$0.9995,0.20%,$1.5B
51,Artificial Superintelligence Alliance,FET,$0.6153,9.19%,$1.47B
52,Filecoin,FIL,$2.16,4.87%,$1.46B
53,Algorand,ALGO,$0.1679,7.68%,$1.45B
54,Worldcoin,WLD,$0.8551,7.71%,$1.41B
55,Arbitrum,ARB,$0.2843,8.70%,$1.41B
56,KuCoin Token,KCS,$10.86,0.96%,$1.36B
57,Sei,SEI,$0.2135,9.33%,$1.19B
58,Kaia,KAIA,$0.1926,11.57%,$1.17B
59,Quant,QNT,$92.26,4.18%,$1.11B
60,Flare,FLR,$0.01634,4.50%,$1.1B
61,Jupiter,JUP,$0.3690,10.04%,$1.09B
62,SPX6900,SPX,$1.15,13.62%,$1.08B
63,Bonk,BONK,$0.00001294,8.72%,$1.04B
64,Injective,INJ,$10.08,9.35%,$1.01B
65,Four,FORM,$2.62,11.06%,$1B
66,Celestia,TIA,$1.46,6.99%,$999.73M
67,Fartcoin,FARTCOIN,$0.9837,14.53%,$983.72M
68,Virtuals Protocol,VIRTUAL,$1.49,14.37%,$980.35M
69,Story,IP,$3.28,18.83%,$953.97M
70,PayPal USD,PYUSD,$1.00,0.03%,$932.58M
71,XDC Network,XDC,$0.05659,1.72%,$918.07M
72,Optimism,OP,$0.5162,8.74%,$904.6M
73,Stacks,STX,$0.5884,8.69%,$901.08M
74,PAX Gold,PAXG,"$3,403.25",1.28%,$883.08M
75,Sonic,S,$0.2950,17.10%,$849.79M
76,Tether Gold,XAUt,"$3,389.84",0.96%,$835.68M
77,Vaulta,A,$0.4923,6.10%,$774.74M
78,Nexo,NEXO,$1.17,7.93%,$762.18M
79,The Graph,GRT,$0.07643,6.30%,$754.77M
80,Curve DAO Token,CRV,$0.5476,6.01%,$742.52M
81,Immutable,IMX,$0.3943,11.56%,$735.93M
82,dogwifhat,WIF,$0.7340,11.52%,$733.22M
83,Jito,JTO,$2.06,5.05%,$703.06M
84,PancakeSwap,CAKE,$2.11,6.49%,$678.69M
85,Zcash,ZEC,$40.03,6.80%,$668.83M
86,Aerodrome Finance,AERO,$0.8001,7.85%,$672.13M
87,DeXe,DEXE,$7.83,1.32%,$656.05M
88,AB,AB,$0.01014,0.88%,$653.79M
89,FLOKI,FLOKI,$0.00006713,8.56%,$646.16M
90,Ethereum Name Service,ENS,$17.66,5.47%,$644.45M
91,Theta Network,THETA,$0.6273,7.24%,$627.31M
92,The Sandbox,SAND,$0.2429,7.06%,$619.14M
93,Lido DAO,LDO,$0.6671,4.27%,$598.38M
94,Gala,GALA,$0.01324,9.92%,$596.08M
95,Bitcoin SV,BSV,$29.91,2.52%,$594.89M
96,IOTA,IOTA,$0.1531,6.73%,$588.2M
97,JasmyCoin,JASMY,$0.01169,9.67%,$578.02M
98,BitTorrent [New],BTT,$0.065776,3.54%,$569.59M
99,Pudgy Penguins,PENGU,$0.008914,11.62%,$560.36M
100,LayerZero,ZRO,$1.64,7.40%,$553.99M
101,Pendle,PENDLE,$3.32,4.21%,$541.96M
102,Tezos,XTZ,$0.5100,4.78%,$534.71M
103,Walrus,WAL,$0.3918,4.20%,$528.3M
104,Pyth Network,PYTH,$0.09030,7.13%,$519.23M
105,Raydium,RAY,$1.93,7.32%,$518.42M
106,Core,CORE,$0.5046,4.09%,$506.69M
107,Maple Finance,SYRUP,$0.4517,11.65%,$503.02M
108,Flow,FLOW,$0.3159,5.53%,$502.42M
109,TrueUSD,TUSD,$0.9981,0.09%,$493.6M
110,Decentraland,MANA,$0.2495,7.70%,$491.64M
111,THORChain,RUNE,$1.29,5.83%,$456.35M
112,Kava,KAVA,$0.4170,3.08%,$451.56M
113,Onyxcoin,XCN,$0.01343,4.43%,$450.4M
114,ApeCoin,APE,$0.5824,5.67%,$438.35M
115,Compound,COMP,$45.98,3.23%,$427.06M
116,Movement,MOVE,$0.1628,40.86%,$423.44M
117,USDD,USDD,$1.00,0.07%,$415.1M
118,Helium,HNT,$2.22,1.50%,$408.73M
119,APENFT,NFT,$0.064000,0.38%,$400.01M
120,DeepBook Protocol,DEEP,$0.1233,12.47%,$400.21M
121,Morpho,MORPHO,$1.23,9.24%,$379.95M
122,Brett (Based),BRETT,$0.03795,8.10%,$376.18M
123,Neo,NEO,$5.27,6.73%,$371.98M
124,MultiversX,EGLD,$12.82,8.09%,$363.84M
125,Starknet,STRK,$0.1076,8.56%,$360.66M
126,eCash,XEC,$0.00001807,3.39%,$359.43M
127,Axie Infinity,AXS,$2.15,8.06%,$352.39M
128,dYdX,DYDX,$0.4666,8.19%,$348.12M
129,Reserve Rights,RSR,$0.005968,10.06%,$345.62M
130,AIOZ Network,AIOZ,$0.2911,10.44%,$344.92M
131,JUST,JST,$0.03469,7.44%,$343.49M
132,Axelar,AXL,$0.3446,5.05%,$340.79M
133,Mog Coin,MOG,$0.068665,20.11%,$338.45M
134,Conflux,CFX,$0.06585,4.08%,$335.29M
135,ether.fi,ETHFI,$0.8877,7.51%,$332.45M
136,Arweave,AR,$5.03,8.23%,$330.84M
137,Zebec Network,ZBCN,$0.003923,14.21%,$331.82M
138,EigenLayer,EIGEN,$1.06,7.16%,$329.93M
139,Chiliz,CHZ,$0.03374,6.60%,$326.62M
140,SuperVerse,SUPER,$0.5408,12.34%,$325.03M
141,KAITO,KAITO,$1.33,8.15%,$322.91M
142,Sun [New],SUN,$0.01663,0.01%,$320.46M
143,Aethir,ATH,$0.03014,1.34%,$298.26M
144,Terra Classic,LUNC,$0.00005385,4.27%,$294.45M
145,Dog (Bitcoin),DOG,$0.002934,7.13%,$293.48M
146,ZKsync,ZK,$0.04149,9.27%,$292.81M
147,Trust Wallet Token,TWT,$0.6865,3.17%,$286.04M
148,Grass,GRASS,$1.15,3.72%,$281.71M
149,Ronin,RON,$0.4251,4.56%,$278.16M
150,Gnosis,GNO,$104.39,4.53%,$275.47M
151,Popcat (SOL),POPCAT,$0.2799,13.92%,$274.39M
152,Amp,AMP,$0.003230,4.70%,$272.13M
153,Wormhole,W,$0.05758,7.43%,$267.06M
154,Creditcoin,CTC,$0.5687,4.94%,$258.44M
155,Akash Network,AKT,$1.02,9.02%,$255.35M
156,FTX Token,FTT,$0.7750,6.87%,$254.9M
157,Cheems (cheems.pet),CHEEMS,$0.051327,1.38%,$248.93M
158,1inch Network,1INCH,$0.1736,7.37%,$241.66M
159,Convex Finance,CVX,$2.43,5.72%,$238.41M
160,Decred,DCR,$14.05,5.56%,$237.09M
161,Beam,BEAM,$0.004769,7.74%,$235.94M
162,Livepeer,LPT,$5.66,4.27%,$236.29M
163,Dash,DASH,$18.96,5.07%,$233.48M
164,Ravencoin,RVN,$0.01510,4.26%,$230.97M
165,Turbo,TURBO,$0.003317,10.47%,$228.93M
166,Safe,SAFE,$0.3841,7.78%,$228.03M
167,Kusama,KSM,$13.22,6.50%,$220.57M
168,cat in a dogs world,MEW,$0.002458,8.24%,$218.58M
169,Theta Fuel,TFUEL,$0.03079,4.28%,$214.97M
170,Golem,GLM,$0.2152,6.57%,$215.24M
171,SafePal,SFP,$0.4313,3.59%,$215.68M
172,MX Token,MX,$2.26,4.16%,$213.83M
173,Peanut the Squirrel,PNUT,$0.2070,9.86%,$207.01M
174,Frax (prev. FXS),FRAX,$2.28,6.31%,$207.26M
175,MANTRA,OM,$0.2102,4.21%,$204.35M
176,IoTeX,IOTX,$0.02159,4.36%,$203.84M
177,Berachain,BERA,$1.69,9.79%,$203.36M
178,Zilliqa,ZIL,$0.01041,7.68%,$203.27M
179,Qtum,QTUM,$1.91,8.16%,$202.71M
180,Mina,MINA,$0.1617,6.75%,$200.27M
181,EURC,EURC,$1.15,0.04%,$199.75M
182,Moca Network,MOCA,$0.06627,6.08%,$197.94M
183,Threshold,T,$0.01799,3.43%,$182.27M
184,Synthetix,SNX,$0.5288,6.35%,$181.65M
185,Toshi,TOSHI,$0.0004428,15.08%,$180.73M
186,Astar,ASTR,$0.02218,3.92%,$179.76M
187,Baby Doge Coin,BabyDoge,$0.081084,7.85%,$179.74M
188,0x Protocol,ZRX,$0.2105,6.91%,$178.64M
189,Notcoin,NOT,$0.001736,5.20%,$177.9M
190,WEMIX,WEMIX,$0.4201,6.59%,$177.58M
191,Basic Attention Token,BAT,$0.1180,6.49%,$176.59M
192,Gas,GAS,$2.65,4.83%,$172.46M
193,NEXPACE,NXPC,$0.9472,5.21%,$170.17M
194,Plume,PLUME,$0.08475,10.36%,$169.5M
195,Official Melania Meme,MELANIA,$0.2110,4.08%,$168.35M
196,Alchemy Pay,ACH,$0.01819,5.79%,$166.8M
197,VeThor Token,VTHO,$0.001812,6.61%,$164.85M
198,Blur,BLUR,$0.06853,6.61%,$163.95M
199,yearn.finance,YFI,"$4,825.24",6.18%,$163.15M
200,Oasis,ROSE,$0.02194,6.42%,$162.13M
201,Fasttoken,FTN,$4.44,0.03%,$1.94B
202,Jupiter Perps LP,JLP,$4.27,3.52%,$1.46B
203,Zeebu,ZBU,$3.18,0.41%,$823.69M
204,Fellaz,FLZ,$1.54,8.95%,$729.5M
205,Usual USD,USD0,$0.9977,0.02%,$643.78M
206,Ondo US Dollar Yield,USDY,$1.09,0.05%,$636.45M
207,Falcon USD,USDf,$1.00,0.03%,$507.08M
208,would,WOULD,$0.4991,3.07%,$498.87M
209,Loaded Lions,LION,$0.01457,0.89%,$483.47M
210,WhiteRock,WHITE,$0.0006786,3.17%,$441.1M
211,Beldex,BDX,$0.06110,0.19%,$436.67M
212,Ripple USD,RLUSD,$1.00,0.06%,$428.9M
213,BUILDon,B,$0.3236,1.56%,$323.67M
214,UPCX,UPC,$3.52,0.93%,$322.76M
215,Telcoin,TEL,$0.003500,0.08%,$318.61M
216,Global Dollar,USDG,$0.9999,0.03%,$314.72M
217,Olympus v2,OHM,$19.55,1.46%,$314.21M
218,Legacy Frax Dollar,FRAX,$0.9993,0.00%,$314.19M
219,Cheelee,CHEEL,$5.30,3.15%,$301.57M
220,Ultima,ULTIMA,"$7,499.81",9.18%,$280.56M
221,OpenEden OpenDollar,USDO,$0.9990,0.10%,$272.28M
222,Keeta,KTA,$0.7076,35.32%,$284.54M
223,Saros,SAROS,$0.2199,4.82%,$256.48M
224,Ailey,ALE,$0.5546,0.37%,$196.86M
225,Legacy Token,LGCT,$1.70,1.60%,$181.33M
226,SwissBorg,BORG,$0.1811,5.46%,$177.97M
227,Go–úining,GOMINING,$0.4298,1.74%,$175.2M
228,Qubic,QUBIC,$0.051411,4.21%,$169.8M
229,Elixir deUSD,DEUSD,$0.9993,0.01%,$164.71M
230,ai16z,AI16Z,$0.1464,11.72%,$161.09M
231,Gigachad,GIGA,$0.01738,12.33%,$161.72M
232,Venom,VENOM,$0.1627,3.73%,$160.93M
233,Siacoin,SC,$0.002856,4.39%,$160.06M
234,SushiSwap,SUSHI,$0.5773,10.40%,$158.44M
235,SPACE ID,ID,$0.1471,6.29%,$158.12M
236,Chintai,CHEX,$0.1538,14.23%,$153.61M
237,Nervos Network,CKB,$0.003248,6.31%,$151.87M
238,Solayer,LAYER,$0.7214,5.81%,$151.5M
239,OriginTrail,TRAC,$0.3010,1.46%,$150.46M
240,ZetaChain,ZETA,$0.1711,9.08%,$150.16M
241,Neiro (First Neiro On Ethereum),NEIRO,$0.0003511,10.62%,$147.73M
242,Celo,CELO,$0.2569,5.12%,$147.33M
243,ORDI,ORDI,$6.94,8.74%,$145.83M
244,Casper,CSPR,$0.01099,3.31%,$144.95M
245,48 Club Token,KOGE,$42.12,4.92%,$142.73M
246,Holo,HOT,$0.0007982,6.41%,$139.68M
247,Moo Deng (moodengsol.com),MOODENG,$0.1391,12.54%,$137.78M
248,EthereumPoW,ETHW,$1.27,4.73%,$137.25M
249,GMX,GMX,$13.48,5.79%,$137.24M
250,Freysa,FAI,$0.01667,6.33%,$136.55M
251,Chia,XCH,$9.46,2.71%,$136.37M
252,aelf,ELF,$0.1781,1.41%,$136.37M
253,Harmony,ONE,$0.009252,11.39%,$135.41M
254,ICON,ICX,$0.1271,8.58%,$135.74M
255,Vana,VANA,$4.46,11.72%,$134.24M
256,Ankr,ANKR,$0.01341,4.94%,$134.19M
257,CoW Protocol,COW,$0.2759,11.84%,$133.35M
258,Aura,AURA,$0.1370,43.93%,$132.07M
259,STASIS EURO,EURS,$1.05,7.20%,$131.22M
260,Snek,SNEK,$0.001772,3.10%,$132.08M
261,Euler,EUL,$7.15,3.09%,$132.41M
262,Kamino Finance,KMNO,$0.06050,11.09%,$130.51M
263,DigiByte,DGB,$0.007278,1.95%,$129.27M
264,AUSD,AUSD,$1.00,0.04%,$128.91M
265,aixbt,AIXBT,$0.1323,17.28%,$124.98M
266,Mask Network,MASK,$1.24,8.33%,$124.55M
267,GOHOME,GOHOME,$248.05,2.52%,$124M
268,XYO,XYO,$0.009231,2.16%,$124.42M
269,UXLINK,UXLINK,$0.2996,4.76%,$122.55M
270,GMT,GMT,$0.04171,7.26%,$122.48M
271,ViciCoin,VCNT,$19.91,1.54%,$121.26M
272,Liquity,LQTY,$1.24,20.63%,$118.34M
273,Osmosis,OSMO,$0.1599,4.80%,$117.41M
274,BORA,BORA,$0.1059,3.50%,$116.49M
275,Polymesh,POLYX,$0.1201,8.19%,$116.56M
276,Drift,DRIFT,$0.3761,5.42%,$116.58M
277,Nano,XNO,$0.8767,6.51%,$116.83M
278,WOO,WOO,$0.06036,8.61%,$115.37M
279,Kadena,KDA,$0.3563,6.80%,$114.35M
280,Orca,ORCA,$1.90,8.31%,$114.09M
281,Enjin Coin,ENJ,$0.06160,7.59%,$114.08M
282,Horizen,ZEN,$7.07,2.50%,$113.91M
283,Ethena Labs (USDtb),USDtb,$1.00,0.04%,$112.98M
284,ZIGChain,ZIG,$0.08094,8.06%,$114.04M
285,Orbler,ORBR,$0.1092,3.30%,$110.98M
286,Status,SNT,$0.02759,1.55%,$110.8M
287,io.net,IO,$0.6692,12.34%,$110.96M
288,Solar,SXP,$0.1707,6.90%,$110.5M
289,Waves,WAVES,$0.9346,4.09%,$110.38M
290,Alchemist AI,ALCH,$0.1288,6.66%,$109.52M
291,LCX,LCX,$0.1160,26.15%,$109.37M
292,Rocket Pool,RPL,$5.10,7.15%,$109.48M
293,Babylon,BABY,$0.04470,13.17%,$109.41M
294,Useless Coin,USELESS,$0.1195,36.05%,$119.51M
295,Lift Dollar,USDL,$1.00,0.03%,$106.95M
296,Staika,STIK,$0.8758,3.34%,$106.76M
297,Magic Eden,ME,$0.7090,8.21%,$106.43M
298,Paycoin,PCI,$0.1005,5.67%,$105.84M
299,AWE,AWE,$0.05444,9.14%,$105.76M
300,Request,REQ,$0.1277,5.47%,$105.31M
301,Animecoin,ANIME,$0.01889,5.43%,$104.66M
302,Lagrange,LA,$0.5401,5.63%,$104.26M
303,Ontology,ONT,$0.1140,5.85%,$104.18M
304,FUNToken,FUN,$0.009540,22.23%,$103.45M
305,Gravity (by Galxe),G,$0.01087,6.83%,$103.32M
306,COTI,COTI,$0.04709,7.08%,$102.92M
307,SwftCoin,SWFTC,$0.01027,2.19%,$102.75M
308,SKALE,SKL,$0.01731,5.56%,$102.2M
309,Destra Network,DSYNC,$0.1045,14.41%,$101.96M
310,Loopring,LRC,$0.07307,5.65%,$99.88M
311,Terra,LUNA,$0.1402,5.56%,$99.59M
312,Zano,ZANO,$7.37,2.80%,$99.03M
313,KUB Coin,KUB,$1.43,3.92%,$98.73M
314,Altlayer,ALT,$0.02795,3.48%,$98.24M
315,UMA,UMA,$1.11,7.64%,$97.93M
316,Tellor,TRB,$36.51,7.27%,$97.89M
317,World Mobile Token,WMTX,$0.1385,2.34%,$97.37M
318,Hive,HIVE,$0.1942,7.65%,$97.26M
319,Storj,STORJ,$0.2340,7.04%,$96.91M
320,BOOK OF MEME,BOME,$0.001394,8.77%,$96.13M
321,Orbs,ORBS,$0.02393,1.96%,$95.48M
322,Constellation,DAG,$0.03323,10.66%,$95.5M
323,Mythos,MYTH,$0.1110,7.02%,$94.72M
324,Big Time,BIGTIME,$0.04848,7.01%,$93.55M
325,Metaplex,MPLX,$0.1235,6.08%,$93.39M
326,Launch Coin on Believe,LAUNCHCOIN,$0.09376,7.22%,$93.75M
327,Space and Time,SXT,$0.06656,9.14%,$93.2M
328,Arkham,ARKM,$0.4138,9.31%,$93.15M
329,Goatseus Maximus,GOAT,$0.09237,12.17%,$92.37M
330,Subsquid,SQD,$0.1602,15.58%,$94.26M
331,VVS Finance,VVS,$0.051885,1.06%,$91.54M
332,MSQUARE GLOBAL,MSQ,$15.23,1.20%,$91.28M
333,Band Protocol,BAND,$0.5593,7.79%,$90.96M
334,Cookie DAO,COOKIE,$0.1663,10.83%,$91.1M
335,Sologenic,SOLO,$0.2264,2.10%,$90.3M
336,ssv.network,SSV,$7.10,6.70%,$90.32M
337,Ribbita by Virtuals,TIBBIR,$0.09215,21.49%,$92.15M
338,Venus,XVS,$5.50,3.86%,$90.19M
339,PAAL AI,PAAL,$0.09218,6.21%,$89.61M
340,Non-Playable Coin,NPC,$0.01201,13.20%,$89.32M
341,Pixels,PIXEL,$0.03029,6.94%,$89.25M
342,Hivemapper,HONEY,$0.01996,5.43%,$88.84M
343,Metis,METIS,$13.79,4.36%,$88.58M
344,0x0.ai,0x0,$0.1023,7.03%,$88.88M
345,Diverge Loop,DLC,$0.09934,2.26%,$88.42M
346,XPR Network,XPR,$0.003196,19.05%,$88.24M
347,Civic,CVC,$0.08774,8.44%,$87.74M
348,BitMart Token,BMX,$0.2706,0.29%,$87.76M
349,Pocket Network,POKT,$0.04352,4.52%,$87.56M
350,Levana Protocol,LVN,$0.1138,33.55%,$86.68M
351,Banana For Scale,BANANAS31,$0.008626,16.88%,$86.27M
352,Spark,SPK,$0.05030,20.15%,$85.51M
353,WAX,WAXP,$0.01946,6.25%,$85.75M
354,ConstitutionDAO,PEOPLE,$0.01683,9.63%,$85.21M
355,Velo,VELO,$0.01148,2.86%,$84.89M
356,Nexusmind,NMD,$8.23,3.47%,$84.44M
357,Aleo,ALEO,$0.2045,1.66%,$84.1M
358,Centrifuge,CFG,$0.1505,7.03%,$84.33M
359,Venice Token,VVV,$2.67,11.86%,$83.78M
360,Acet,ACT,$0.06675,0.89%,$83.98M
361,Biconomy,BICO,$0.08641,9.75%,$83.03M
362,Tokenlon Network Token,LON,$0.6867,1.43%,$82.74M
363,Powerledger,POWR,$0.1460,6.39%,$82.91M
364,Stratis [New],STRAX,$0.04169,6.44%,$82.46M
365,Rollbit Coin,RLB,$0.03997,3.26%,$82.05M
366,Keep Network,KEEP,$0.08419,5.72%,$81.48M
367,IOST,IOST,$0.003092,7.56%,$81.06M
368,Ardor,ARDR,$0.08035,2.82%,$80.23M
369,Sign,SIGN,$0.06645,2.93%,$79.75M
370,Radix,XRD,$0.006703,6.47%,$78.92M
371,Neiro Ethereum,NEIRO,$0.07903,2.28%,$79.04M
372,Clearpool,CPOOL,$0.1017,14.07%,$79.21M
373,H2O DAO,H2O,$0.09408,9.15%,$77.62M
374,USDB,USDB,$0.9926,0.13%,$78.02M
375,BitDCA,BDCA,$1.03,5.22%,$77.76M
376,Propy,PRO,$0.7755,4.12%,$77.56M
377,MVL,MVL,$0.002870,4.32%,$76.79M
378,Verge,XVG,$0.004654,8.02%,$76.9M
379,Frax USD,FRXUSD,$0.9995,0.02%,$76.65M
380,Prom,PROM,$4.17,17.65%,$76.22M
381,SATS (Ordinals),SATS,$0.073564,8.62%,$74.85M
382,Bio Protocol,BIO,$0.04821,12.02%,$74.57M
383,RedStone,RED,$0.2649,10.14%,$74.18M
384,Sophon,SOPH,$0.03695,15.13%,$73.92M
385,Yield Guild Games,YGG,$0.1405,7.46%,$73.95M
386,Phala Network,PHA,$0.09202,8.09%,$73.63M
387,IQ,IQ,$0.003330,3.84%,$73.18M
388,Manta Network,MANTA,$0.1776,10.60%,$74.25M
389,Stronghold SHx,SHX,$0.01269,11.22%,$73.56M
390,Xai,XAI,$0.04839,8.47%,$72.79M
391,Audius,AUDIO,$0.05385,5.93%,$71.8M
392,Spell Token,SPELL,$0.0004363,7.29%,$71.11M
393,Cetus Protocol,CETUS,$0.08741,10.04%,$70.66M
394,Metacraft,MCT,$1.33,3.92%,$70.5M
395,Pundi X (New),PUNDIX,$0.2734,7.16%,$70.64M
396,Solv Protocol,SOLV,$0.04782,2.70%,$70.91M
397,Flux,FLUX,$0.1822,6.93%,$70.46M
398,Echelon Prime,PRIME,$1.95,6.95%,$69.82M
399,Polyhedra Network,ZKJ,$0.2366,6.83%,$69.31M
400,Lisk,LSK,$0.3608,4.13%,$69.58M
401,Shuffle,SHFL,$0.2281,5.13%,$69.19M
402,MiL.k,MLK,$0.1462,3.70%,$68.95M
403,SLT,SLT,$8.10,2.17%,$68.86M
404,StraitsX USD,XUSD,$1.00,0.05%,$68.69M
405,Aevo,AEVO,$0.07600,9.05%,$68.77M
406,Rekt (rektcoin.com),REKT,$0.062685,2.54%,$68.69M
407,ChainGPT,CGPT,$0.08103,9.24%,$67.85M
408,Dymension,DYM,$0.2176,8.02%,$68.14M
409,CARV,CARV,$0.2300,3.71%,$67.52M
410,dKargo,DKA,$0.01437,1.67%,$67.35M
411,Pax Dollar,USDP,$1.00,0.07%,$67.33M
412,Ontology Gas,ONG,$0.1610,4.95%,$67.17M
413,Usual,USUAL,$0.06597,5.63%,$67.12M
414,Memecoin,MEME,$0.001410,9.49%,$67.41M
415,TARS AI,TAI,$0.07570,16.06%,$67.55M
416,Global Commercial Business,GCB,$0.05546,5.45%,$66.66M
417,TerraClassicUSD,USTC,$0.01185,2.27%,$66.32M
418,Arcblock,ABT,$0.6747,0.10%,$66.5M
419,Aster USDF,USDF,$0.9989,0.00%,$66.13M
420,Blast,BLAST,$0.002190,8.04%,$65.86M
421,Huma Finance,HUMA,$0.03768,10.76%,$65.32M
422,Degen,DEGEN,$0.002926,7.56%,$65.73M
423,iExec RLC,RLC,$0.8871,11.24%,$64.22M
424,MindWaveDAO,NILA,$0.08088,0.58%,$64.12M
425,Ark,ARK,$0.3381,5.83%,$64.08M
426,peaq,PEAQ,$0.06650,0.56%,$63.44M
427,Across Protocol,ACX,$0.1444,6.96%,$63.82M
428,Bancor,BNT,$0.5535,4.39%,$63.76M
429,Initia,INIT,$0.4264,7.99%,$63.44M
430,lisUSD,lisUSD,$0.9999,0.15%,$62.82M
431,Moonbeam,GLMR,$0.06289,3.82%,$62.16M
432,Steem,STEEM,$0.1197,4.96%,$61.85M
433,Banana Gun,BANANA,$15.61,10.63%,$62.21M
434,DOGS,DOGS,$0.0001201,10.90%,$62.08M
435,Chromia,CHR,$0.07230,7.93%,$61M
436,Venus BUSD,vBUSD,$0.02232,0.12%,$60.16M
437,Dogelon Mars,ELON,$0.061096,3.64%,$60.26M
438,Illuvium,ILV,$10.17,8.27%,$60.04M
439,Aergo,AERGO,$0.1234,14.24%,$59.86M
440,Balancer,BAL,$0.9366,2.76%,$59.8M
441,Delysium,AGI,$0.04292,7.27%,$59.61M
442,Marlin,POND,$0.007178,4.81%,$58.81M
443,Defi App,HOME,$0.02160,16.86%,$58.78M
444,B3 (Base),B3,$0.002756,6.29%,$58.69M
445,WalletConnect Token,WCT,$0.3157,5.71%,$58.79M
446,ArchLoot,AL,$0.07955,1.47%,$58.71M
447,AI Companions,AIC,$0.07854,5.32%,$58.91M
448,HarryPotterObamaSonic10Inu (ERC-20),BITCOIN,$0.05843,7.87%,$58.42M
449,Ponke,PONKE,$0.1050,11.64%,$58.36M
450,Solana Name Service (previously Bonfida),FIDA,$0.05868,7.77%,$58.15M
451,BUSD,BUSD,$1.00,0.13%,$57.85M
452,Ergo,ERG,$0.7149,1.55%,$58.04M
453,SpaceN,SN,$1.44,3.56%,$57.67M
454,Anchored Coins AEUR,AEUR,$1.00,0.79%,$57.47M
455,Merlin Chain,MERL,$0.07941,9.02%,$57.58M
456,SoSoValue,SOSO,$0.4957,0.39%,$57.08M
457,Taiko,TAIKO,$0.3696,5.18%,$57.11M
458,GEODNET,GEOD,$0.1779,1.89%,$56.44M
459,MetFi,METFI,$0.2671,5.68%,$56.63M
460,Hey Anon,ANON,$4.24,34.44%,$56.99M
461,Comedian,BAN,$0.05615,0.68%,$56.15M
462,Braintrust,BTRST,$0.2332,13.04%,$56.29M
463,Numeraire,NMR,$6.89,4.36%,$55.68M
464,Solidus Ai Tech,AITECH,$0.03610,10.37%,$55.84M
465,Orchid,OXT,$0.05562,8.18%,$55.47M
466,SUNDOG,SUNDOG,$0.05547,2.16%,$55.33M
467,Kyber Network Crystal v2,KNC,$0.2944,5.69%,$55.15M
468,Wilder World,WILD,$0.1412,10.33%,$56.36M
469,Metal DAO,MTL,$0.6471,5.54%,$54.78M
470,MediBloc,MED,$0.005419,0.54%,$54.63M
471,JOE,JOE,$0.1368,7.32%,$54.47M
472,BLOCKv,VEE,$0.01486,5.17%,$54.21M
473,Omni Network,OMNI,$1.55,5.55%,$53.55M
474,Saga,SAGA,$0.2082,8.83%,$53.8M
475,Apu Apustaja,APU,$0.0001583,2.84%,$53.5M
476,Dent,DENT,$0.0005376,8.26%,$53.76M
477,Celer Network,CELR,$0.006839,9.05%,$53.23M
478,Cyber,CYBER,$1.19,6.57%,$53.65M
479,HashKey Platform Token,HSK,$0.3961,3.54%,$52.49M
480,Adventure Gold,AGLD,$0.6852,7.62%,$52.98M
481,Bounce Token,AUCTION,$8.70,7.46%,$53M
482,ECOMI,OMI,$0.0001907,4.58%,$52.66M
483,Eurite,EURI,$1.15,0.43%,$51.54M
484,BounceBit,BB,$0.08195,8.84%,$51.46M
485,Goldfinch,GFI,$0.6283,5.05%,$50.91M
486,Nillion,NIL,$0.2615,2.14%,$51.05M
487,Gemini Dollar,GUSD,$1.00,0.02%,$50.73M
488,Open Campus,EDU,$0.1237,7.53%,$50.83M
489,Moonriver,MOVR,$5.20,8.29%,$50.69M
490,Zentry,ZENT,$0.007470,3.37%,$50.31M
491,Neutron,NTRN,$0.08450,10.48%,$50.32M
492,API3,API3,$0.5843,7.56%,$50.5M
493,AO,AO,$14.32,2.42%,$50.37M
494,Bone ShibaSwap,BONE,$0.2179,6.25%,$50.12M
495,Quantum Resistant Ledger,QRL,$0.7160,0.43%,$48.64M
496,AI Analysis Token,AIAT,$0.3356,7.09%,$49.13M
497,Bubblemaps,BMT,$0.1421,12.78%,$49.57M
498,Bifrost,BFC,$0.03570,2.61%,$49.51M
499,IAGON,IAG,$0.1327,6.77%,$49.92M
500,Osaka Protocol,OSAK,$0.076567,0.77%,$49.31M
